mark,model,color
"Ford","Focus Active","Тёмно-коричневый"
"Daewoo","Magnus","Серебристо-красный"
"Audi","A2","Сине-зелёный"
"Fiat","Panda","Светло-бежевый"
"Honda","Accord","Серебристо-вишнёвый"
"Ford","Fusion","Светло-серый"
"Ford","C-Max","Серебристо-тёмно-синий"
"Geely","Emgrand 7","Серо-бежевый"
"Geely","Emgrand EC7","Светло-жёлтый"
"Volvo","V70","Серебристо-тёмно-синий"
"Hyundai","Accent","Тёмно-зелёный"
"Fiat","Sedici","Серебристо-красный"
"Volvo","C70 Coupe","Золотисто-бежевый"
"Infiniti","EX","Тёмно-серо-зелёный"
"Citroen","C6","Серебристо-серо-коричневый"
"Citroen","C4 Aircross","Жёлтый"
"Fiat","Punto","Тёмно-бежевый"
"Citroen","C4 Picasso","Тёмно-красный"
"Citroen","C5","Серебристо-коричневый"
"Honda","Accord","Ярко-синий"
"Audi","A1","Тёмно-бордовый"
"Geely","Emgrand 7","Светло-бежевый"
"Hyundai","Elantra","Ярко-жёлтый"
"Daewoo","Leganza","Серебристо-коричневый"
"Chery","Amulet","Серо-голубой"
"Volvo","C70 Coupe","Зелёно-голубой"
"Chevrolet","Cruze","Тёмно-зелёный"
"BMW","X3 M","Серебристо-голубоватый"
"Chery","Tiggo 4","Тёмно коричневый"
"Citroen","C3 Pluriel","Серо-бежевый"
"Citroen","C3 Picasso","Металлик серо-бежевый"
"Geely","Atlas","Серебристый сине-зелёный"
"Fiat","Panda","Золотистый тёмно-зелёный"
"Fiat","Panda 4x4","Серебристый светло-серый"
"Infiniti","EX","Серебристый тёмно-красный"
"Hyundai","Santa Fe","Серебристо-молочно-зелёный"
"Volvo","XC90","Сине-фиолетовый"
"Citroen","C5","Красный"
"Volvo","S70","Коричневый"
"Audi","A1","Тёмно-синий"
"Audi","A4","Тёмно-зелёный"
"Daewoo","Leganza","Бежевый"
"Chery","Tiggo 4","Бело-жёлтый"
"Chery","Bonus","Серебристый сине-фиолетовый"
"Volvo","V70","Зелёно-голубой"
"Chevrolet","Cruze","Тёмно-зелёный"
"Geely","Emgrand EC7","Тёмно-сине-зелёный"
"BMW","X1","Золотисто-зелёный"
"Hyundai","ix35","Серебристый болотно-зелёный"
"Hyundai","Santa Fe","Тёмно-бордовый"
"Chery","Tiggo 8","Тёмно-зелёный"
"BMW","M4","Фиолетово-синий"
"Fiat","Punto","Золотистый тёмно-зелёный"
"BMW","X2","Чёрный"
"Audi","A5","Серебристо-бежевый"
"Citroen","C6","Оттенок тёмно-синего"
"Infiniti","EX","Светло-голубой"
"Ford","Fiesta","Серебристо-тёмно-синий"
"Volvo","C70","Серо-фиолетовый"
"Ford","Fiesta","Светло-серый"
"BMW","X6","Серо-фиолетовый"
"Daewoo","Magnus","Чёрный"
"Geely","Emgrand EC7","Тёмно-фиолетовый"
"Audi","A1","Серебристо-светло оранжевый"
"Citroen","C4 Aircross","Светлый серо-бежевый"
"Citroen","C3","Светлый серо-бежевый"
"Chery","Bonus","Золотисто-коричневый"
"Chery","Tiggo","Тёмно-синий"
"BMW","X6 M","Серо-зелёный"
"BMW","X1","Серебристо-тёмно-синий"
"Chevrolet","Corvette","Чёрный"
"Ford","C-Max","Серебристо-ярко-синий"
"Fiat","Sedici","Серо-белый"
"Hyundai","Santa Fe","Оливково-зелёный"
"Ford","Fusion","Серебристый оранжевый"
"Chevrolet","Epica","Серебристо-зелёный"
"Chery","Bonus","Тёмно-синий"
"Infiniti","EX","Синий"
"Geely","Emgrand EC7","Серо-белый"
"Chery","Bonus","Светло-фиолетовый"
"Fiat","Panda","Оранжево-коричневый"
"Geely","Emgrand 7","Серебристый тёмно-фиолетовый"
"Honda","Civic","Тёмно-синий"
"Chevrolet","Cruze","Тёмно-фиолетовый"
"Citroen","C4 Picasso","Серебристо-коричневый"
"Audi","A1","Голубой"
"Chery","Tiggo 7","Оранжевый"
"BMW","X3 M","Тёмно-зелёный"
"Volvo","XC90","Серебристый-желто-зелёный"
"Daewoo","Magnus","Металлик серо-бежевый"
"Hyundai","Elantra","Оттенок тёмно-синего"
"Chery","Tiggo 8","Тёмно-синий"
"Daewoo","Magnus","Тёмно-вишнёвый"
"Geely","Emgrand EC7","Тёмно-вишнёвый"
"Honda","Civic","Серебристо-серо-зеленоватый"
"Daewoo","Nexia","Серебристо-ярко-синий"
"Ford","Fiesta","Красный"
"Chevrolet","Lacetti","Тёмно-синий"
"Citroen","C4 Aircross","Чёрный, двойная эмаль"
"Volvo","XC70","Тёмно-алый"
"BMW","X3 M","Коричневый"
"BMW","X6","Серебристо-бежевый"
"Audi","A3","Тёмно-зелёный"
"Daewoo","Nexia","Серебристо-коричневый"
"Audi","A4 Allroad Quattro","Сине-фиолетовый"
"Daewoo","Nexia","Зелёный"
"Ford","Explorer","Серо-синий"
"Infiniti","EX","Тёмно-алый"
"Citroen","C3 Aircross","Серебристо-серо-зеленоватый"
"Ford","Focus Active","Оливково-зелёный"
"Chevrolet","Captiva","Ярко-зелёный"
"Hyundai","Solaris","Красный"
"Daewoo","Nexia","Оранжевый"
"Fiat","Sedici","Серебристо-серо-зеленоватый"
"Geely","Emgrand EC7","Сине-зелёный"
"Daewoo","Nexia","Золотистый тёмно-зелёный"
"Hyundai","Creta","Тёмно-бордовый"
"Ford","Fiesta","Серебристо-тёмно-синий"
"Volvo","V70","Чёрный"
"BMW","X3","Тёмно-сине-зелёный"
"Volvo","C70 Coupe","Тёмно коричневый"
"Chevrolet","Corvette","Тёмно-вишнёвый"
"BMW","X3 M","Металлик серо-бежевый"
"Chevrolet","Cruze","Серебристо-молочно-зелёный"
"BMW","X4 M","Серо-чёрный"
"Audi","A5","Тёмно-синий"
"Citroen","C4","Чёрный, двойная эмаль"
"Fiat","Qubo","Серебристый"
"Daewoo","Magnus","Серебристо-ярко-зелёный"
"Hyundai","Solaris","Серебристо-серо-графитовый"
"Chevrolet","Epica","Серо-бежевый"
"Honda","City","Тёмно-зелёный"
"Fiat","Punto","Белая двухслойная"
"Chery","Tiggo 5","Ярко-синий"
"Fiat","Panda","Серебристый ярко-красный"
"Honda","Civic","Серо-бежевый"
"Hyundai","Creta","Красный металлик"
"Citroen","C8","Тёмно-бежевый"
"Volvo","V50","Тёмно-зелёный"
"Geely","Emgrand 7","Тёмно-зелёный"
"Citroen","C3 Picasso","Серебристый ярко-красный"
"Citroen","C5","Серебристо-ярко-синий"
"Audi","A1","Средне-стальной"
"Citroen","C3","Бежевый"
"BMW","X6 M","Серебристо-зелёно-голубой"
"Geely","Emgrand EC7","Тёмно-зелёный"
"Chery","Tiggo","Серебристо-серо-бежевый"
"Chery","Tiggo 5","Серебристо-серо-бежевый"
"Honda","City","Серебристо-тёмно-синий"
"Honda","Civic","Тёмно-серый"
"Fiat","Punto","Тёмно-синий"
"Fiat","Panda 4x4","Серебристо-коричневый"
"BMW","X5 M","Голубой"
"Hyundai","Sonata","Сине-зелёный"
"Hyundai","Solaris","Серебристый сине-зелёный"
"Infiniti","EX","Светло-бежевый"
"BMW","X2","Голубой"
"Infiniti","EX","Снежно-белый"
"Volvo","V70","Синий"
"BMW","M4","Красно-коричневый"
"Ford","Fusion","Серебристо-ярко-фиолетовый"
"Chery","Bonus 3","Серебристо-зелёно-голубой"
"Chery","Tiggo 3","Серебристо-тёмно-синий"
"Volvo","V60","Серебристо-зелёный"
"Geely","Emgrand EC7","Средне-стальной"
"Honda","Civic","Серебристо-серо-зеленоватый"
"Chevrolet","Camaro","Светло-серый"
"Fiat","Panda 4x4","Бежевый"
"Volvo","S70","Серебристый тёмно-бордовый"
"Ford","C-Max","Тёмно-синий"
"Geely","Emgrand EC7","Зелено-голубой"
"Volvo","C70 Coupe","Серебристый сине-зелёный"
"Ford","Focus","Серебристо-коричневый"
"Honda","Accord","Тёмно-сине-зелёный"
"Ford","Focus Active","Синий"
"Volvo","XC90","Серебристо-фиолетовый"
"Citroen","C3 Pluriel","Серебристый светло-серый"
"Fiat","Punto","Коричневый"
"Infiniti","EX","Чёрный"
"Audi","A4 Allroad Quattro","Фиолетовый"
"Audi","A5","Серебристо-серо-графитовый"
"Honda","City","Тёмно-фиолетовый"
"BMW","M4","Тёмно-серый"
"Geely","Emgrand GS","Мускари"
"BMW","X3 M","Серебристо-тёмно серый"
"Honda","Accord","Тёмно-вишнёвый металлик"
"Volvo","XC70","Серебристо-серо-голубоватый"
"Citroen","C3 Aircross","Тёмно-коричневый"
"Fiat","Panda","Серебристо-серо-графитовый"
"Chevrolet","Corvette","Чёрный"
"Hyundai","Santa Fe","Средне-стальной"
"Infiniti","EX","Серебристый тёмно-синий"
"Chery","Bonus 3","Серебристо-зелёно-голубой"
"Geely","Emgrand EC7","Серебристо-зеленоватый"
"Chevrolet","Lanos","Тёмно-голубой"
"Audi","A1","Серебристо-серо-графитовый"
"Ford","Focus","Средне-стальной"
"Honda","City","Серебристо-ярко-фиолетовый"
"Geely","Atlas","Ярко-красный"
"Fiat","Panda","Тёмно-сине-зелёный"
"Volvo","S70","Серебристо-серо-зеленоватый"
"Hyundai","ix35","Серебристо-коричневый"
"Fiat","Sedici","Тёмно-вишнёвый"
"Honda","City","Серебристо-коричневый"
"Ford","Galaxy","Серо-зелёный"
"Geely","Emgrand X7","Жёлтый"
"BMW","M5","Оттенок чёрного"
"Daewoo","Magnus","Серебристо-светло оранжевый"
"Daewoo","Matiz","Серо-чёрный"
"Hyundai","Sonata","Серебристо-ярко-синий"
"Chevrolet","Aveo","Тёмно коричневый"
"Ford","Explorer","Оттенок чёрного"
"Hyundai","Accent","Тёмно-серый"
"Audi","A5","Чёрный"
"Infiniti","EX","Серебристо-тёмно-синий"
"Chevrolet","Epica","Тёмно-коричневый"
"BMW","M6","Серебристо-серо-голубоватый"
"Hyundai","ix35","Бежево-красный"
"Chevrolet","Captiva","Серебристо-тёмно-синий"
"Volvo","XC60","Синий"
"Fiat","Punto","Серебристый-бежевый"
"Chery","Tiggo 4","Серебристо-вишнёвый"
"Hyundai","Accent","Оттенок тёмно-синего"
"Daewoo","Matiz","Ярко-жёлтый"
"Honda","Civic","Салатовый"
"Chevrolet","Captiva","Золотисто-бежевый"
"Hyundai","Santa Fe","Красный"
"Honda","City","Красный металлик"
"Infiniti","EX","Золотисто-бежевый"
"Citroen","C3","Серебристо-серо-бежевый"
"Hyundai","Solaris","Тёмно-фиолетовый"
"BMW","X4","Серо-синий"
"Audi","A3","Тёмно-серо-зелёный"
"Chevrolet","Captiva","Серебристо-ярко-синий"
"Honda","Accord","Серебристо-серо-графитовый"
"Citroen","C4 Picasso","Золотисто-красный"
"Honda","City","Серебристо-красный"
"BMW","X7","Сине-зелёный"
"Volvo","V60","Желто-золотой"
"Volvo","C30","Тёмно-серый"
"Citroen","C3","Светло-жёлтый"
"Infiniti","EX","Серо-зелёный"
"Fiat","Sedici","Чёрный"
"Audi","A5","Зелёный"
"BMW","X2","Белый металлик"
"Daewoo","Nubira","Серебристый сине-фиолетовый"
"Honda","Accord","Зелено-синий"
"Daewoo","Nexia","Серебристо-бежевый"
"Infiniti","EX","Серебристо-жёлто-зелёный"
"Infiniti","EX","Снежно-белый"
"Audi","A4","Голубой"
"Daewoo","Nubira","Тёмно-зелёный"
"BMW","X1","Тёмно-серый"
"Chery","Very","Серый серебристый"
"Citroen","C3 Pluriel","Золотисто-красный"
"BMW","M6","Ярко-синий"
"Citroen","C6","Серебристо-серо-золотистый"
"Infiniti","EX","Серебристый светло-серый"
"Citroen","C4 Picasso","Серебристый"
"Volvo","C70","Серо-чёрный"
"Daewoo","Leganza","Голубой"
"Fiat","Panda 4x4","Светло-жёлтый"
"Volvo","S80","Ярко-жёлтый"
"Fiat","Sedici","Ярко-красный"
"Audi","A2","Серебристо-коричневый"
"Citroen","C4 Cactus","Синий"
"Infiniti","EX","Тёмно-зелёный"
"Chery","Tiggo 3","Серо-зелёный"
"Geely","Emgrand X7","Тёмно-вишнёвый"
"Chevrolet","Lanos","Тёмно-серебристо-красный"
"Volvo","C70 Coupe","Серебристо-серо-графитовый"
"Infiniti","EX","Серебристо-жёлтый"
"Chery","Amulet","Зелёный"
"Citroen","C3 Pluriel","Светло-синий"
"Fiat","Panda","Тёмно-синий"
"Hyundai","Sonata","Тёмно коричневый"
"Ford","C-Max","Тёмно-вишнёвый"
"Honda","Accord","Серебристо-серо-коричневый"
"Fiat","Panda","Тёмно-вишнёвый"
"BMW","X4","Тёмно-вишнёвый"
"Citroen","C4 Picasso","Светло-бежевый"
"Geely","Atlas","Серебристо-красный"
"Daewoo","Leganza","Серебристый"
"Honda","Civic","Зелёный"
"Hyundai","Sonata","Красный"
"Citroen","C4 Cactus","Тёмно-филетовый"
"Hyundai","ix20","Сине-зелёный"
"Daewoo","Leganza","Бежевый"
"Infiniti","EX","Тёмно-коричневый"
"Infiniti","EX","Серебристо-ярко-синий"
"Hyundai","Accent","Серо-бежевый"
"Honda","City","Тёмно-зелёный"
"Chevrolet","Aveo","Светло-голубой"
"Chevrolet","Camaro","Тёмно-вишнёвый"
"Ford","Fusion","Ярко-зелёный"
"Honda","City","Тёмно-синий"
"Fiat","Punto","Тёмно-зелёный"
"Chery","Tiggo 5","Серебристый сине-зелёный"
"Ford","Focus Active","Серебристо-тёмно-серо-синий"
"Chevrolet","Niva","Светло-фиолетовый"
"Geely","Emgrand X7","Ярко-красный"
"Fiat","Qubo","Тёмно-красный"
"Chery","Amulet","Серебристо-фиолетовый"
"Chery","Tiggo 5","Серебристо-серый"
"Citroen","C4 Picasso","Красный металлик"
"Honda","City","Тёмно-вишнёвый"
"Citroen","C2","Серебристо-ярко-зелёный"
"Hyundai","Santa Fe","Синий"
"Fiat","Sedici","Тёмно-серый"
"Ford","Explorer","Серебристо-ярко-синий"
"Chery","Tiggo 8","Серебристо-зелёно-голубой"
"Honda","Civic","Серо-синий"
"BMW","X2","Тёмно-зелёный"
"Infiniti","EX","Серебристо-серо-синий"
"Volvo","C70 Coupe","Светло-жёлтый"
"Volvo","C30","Красный"
"Citroen","C5","Серо-коричневый"
"Daewoo","Nubira","Желто-зелёный"
"Chevrolet","Camaro","Голубой"
"Citroen","C4 Picasso","Серебристый тёмно-бордовый"
"Audi","A3","Бежево-сиреневый"
"Hyundai","Accent","Серебристый тёмно-фиолетовый"
"Fiat","Sedici","Серо-голубой"
"Hyundai","Sonata","Серебристо-серый"
"Audi","A4 Allroad Quattro","Серебристо-коричневый"
"Chevrolet","Niva","Золотисто-коричневый"
"Daewoo","Nubira","Серебристый"
"Citroen","C5","Серо-зелёный"
"Volvo","V40","Серо-коричневый"
"Chevrolet","Lacetti","Чёрный"
"Chery","Tiggo","Тёмно-серый"
"Hyundai","ix35","Светло-синий"
"BMW","M6","Серо-фиолетовый"
"Hyundai","Solaris","Бежево-коричневый"
"Geely","Emgrand 7","Тёмно-зелёный"
"Chevrolet","Lacetti","Светло-серый"
"Daewoo","Matiz","Серебристо-серый"
"Daewoo","Nexia","Тёмно-филетовый"
"Honda","Civic","Тёмно-серо-зелёный"
"Infiniti","EX","Чёрный"
"Fiat","Punto","Серебристо-серо-графитовый"
"BMW","X3","Тёмно-бежевый"
"Fiat","Punto","Серебристо-серо-графитовый"
"Infiniti","EX","Золотистый тёмно-зелёный"
"Audi","A5","Серо-синий"
"Audi","A4","Серебристый сине-зелёный"
"Daewoo","Nubira","Серебристо-голубой"
"BMW","M4","Белый металлик"
"Fiat","Punto","Бежевый"
"Audi","A4 Allroad Quattro","Серый"
"Volvo","S40","Оливково-зелёный"
"Infiniti","EX","Серебристо-светло оранжевый"
"Fiat","Punto","Серебристо-бежевый"
"Fiat","Sedici","Серебристо-жёлтый"
"Audi","A1","Серо-коричневый"
"Honda","Accord","Тёмно-бордовый"
"Fiat","Sedici","Тёмно-голубой"
"Honda","City","Тёмно-зелёный"
"Honda","Civic","Тёмно-сине-зелёный"
"Ford","Explorer","Тёмно-серебристо-красный"
"Audi","A4","Серебристо-зелёный"
"Ford","Explorer","Тёмно-зелёный"
"Hyundai","Sonata","Серебристый коричнево-зелёный"
"Chery","Bonus","Бежево-красный"
"Daewoo","Leganza","Тёмно-синий"
"Daewoo","Nexia","Ярко-красный"
"Chevrolet","Lanos","Голубой"
"Fiat","Sedici","Тёмно-зелёный"
"Geely","Emgrand GS","Бежево-сиреневый"
"Chevrolet","Epica","Серебристо-бледно-серый"
"Citroen","C3 Pluriel","Тёмно-вишнёвый"
"Chery","Amulet","Серебристо-ярко-зелёный"
"Chery","Bonus 3","Золотисто-зелёный"
"Volvo","XC60","Серо-зеленоватый"
"Fiat","Sedici","Золотистый тёмно-зелёный"
"Ford","Galaxy","Синий"
"BMW","X4","Серо-голубой"
"Ford","Focus Active","Тёмно-коричневый"
"Chevrolet","Aveo","Серебристый ярко-красный"
"Fiat","Sedici","Тёмно-зелёный"
"Volvo","S80","Серебристый"
"Citroen","C4 Picasso","Тёмно-синий"
"Chevrolet","Camaro","Красный"
"Fiat","Panda 4x4","Фиолетово-синий"
"Ford","Galaxy","Красный"
"Geely","Emgrand EC7","Ярко-красный"
"Volvo","XC60","Серебристый тёмно-красный"
"Volvo","S60","Серо-зелёный"
"Volvo","S40","Фиолетово-синий"
"Daewoo","Leganza","Серебристо-коричневый"
"BMW","X1","Серебристый ярко-красный"
"Ford","Focus Active","Металлик серо-бежевый"
"Geely","Emgrand GS","Серебристо-тёмно-синий"
"Chery","Bonus 3","Ярко-жёлтый"
"Chevrolet","Epica","Серо-зеленоватый"
"Chery","Tiggo 5","Тёмно-синий"
"Daewoo","Matiz","Тёмно-серый"
"Chery","Very","Серебристо-тёмно-синий"
"Daewoo","Leganza","Тёмно-бордовый"
"Infiniti","EX","Светло-серый"
"Daewoo","Magnus","Серебристо-бежевый"
"Geely","Atlas","Серебристый коричнево-зелёный"
"Chevrolet","Lacetti","Серебристый"
"BMW","M2","Серо-зеленоватый"
"Citroen","C4","Белый"
"Ford","Focus Active","Серебристо-серо-синий"
"Daewoo","Magnus","Зелёный"
"Hyundai","Elantra","Тёмно-синий"
"Geely","Emgrand GS","Серебристый-желто-зелёный"
"Volvo","S90","Синий"
"Fiat","Sedici","Серебристо-серо-зелёный"
"Chevrolet","Camaro","Синий"
"Hyundai","ix20","Светло-голубой"
"Daewoo","Matiz","Белый"
"Ford","C-Max","Серо-синий"
"Chery","Tiggo 3","Золотисто-зелёный"
"Fiat","Panda 4x4","Тёмно-вишнёвый металлик"
"BMW","X6","Серебристо-ярко-синий"
"Fiat","Qubo","Серебристо-серый"
"Citroen","C3","Серебристо-тёмно-синий"
"Chevrolet","Epica","Жёлтый"
"Geely","Coolray","Серебристо-бежевый"
"Daewoo","Nubira","Чёрный, двойная эмаль"
"Hyundai","Solaris","Серо-бежевый"
"Honda","Civic","Серебристо-синий"
"Chery","Bonus 3","Тёмно-серый"
"Daewoo","Nubira","Зелёный"
"Daewoo","Magnus","Красный металлик"
"BMW","M3","Цвет морской волны"
"Chery","Amulet","Ярко-зелёный"
"Hyundai","Sonata","Оранжево-коричневый"
"Audi","A2","Тёмно-зелёный"
"Geely","Emgrand GS","Ярко-красный"
"Honda","Accord","Чёрный"
"Honda","Accord","Ярко-жёлтый"
"Ford","Focus","Тёмно-зелёный"
"Ford","Fiesta","Светло-синий"
"Hyundai","ix35","Тёмно-красный"
"Infiniti","EX","Тёмно-фиолетовый"
"Fiat","Panda","Желто-золотой"
"Volvo","C30","Светло-фиолетовый"
"BMW","M2","Серебристо-ярко-синий"
"Infiniti","EX","Серый серебристый"
"Chevrolet","Aveo","Золотистый тёмно-зелёный"
"Fiat","Panda","Серебристо-бежевый"
"BMW","M5","Серебристо-синий"
"Geely","Emgrand EC7","Ярко-синий"
"Daewoo","Matiz","Ярко-красный"
"Geely","Emgrand GS","Серебристый-зеленовато-серый"
"Citroen","C3 Picasso","Серый"
"Hyundai","ix20","Серо-зелёный"
"Chery","Very","Серебристо-фиолетовый"
"Daewoo","Matiz","Серебристо-молочно-зелёный"
"Hyundai","Santa Fe","Бежево-сиреневый"
"Geely","Coolray","Серебристо-голубоватый"
"Daewoo","Leganza","Серебристо-тёмно-зелёный"
"Chevrolet","Camaro","Тёмно-серый"
"Fiat","Punto","Бежево-красный"
"Hyundai","ix35","Серо-зеленоватый"
"BMW","X2","Ярко-зелёный"
"Hyundai","ix35","Ярко-жёлтый"
"Audi","A4","Серебристо-тёмно-синий"
"Citroen","C3 Pluriel","Светло-серый"
"Infiniti","EX","Оранжевый"
"Volvo","C70 Convertible","Сине-зелёный"
"Chery","Bonus","Серо-синий"
"Daewoo","Magnus","Серебристо-серо-золотистый"
"Volvo","V70","Серебристо-серо-графитовый"
"Volvo","V90","Красный"
"Chevrolet","Captiva","Чёрный"
"Chevrolet","Epica","Синий"
"BMW","M2","Серебристо-серо-коричневый"
"Ford","Focus","Тёмно-коричневый"
"Chevrolet","Lacetti","Тёмно-сине-зелёный"
"Hyundai","Solaris","Сливочно-белый"
"BMW","X3 M","Тёмно-синий"
"Audi","A4","Тёмно-синий"
"Chevrolet","Captiva","Серо-чёрный"
"Volvo","S70","Светлый серо-бежевый"
"Hyundai","Elantra","Средне-стальной"
"Honda","Accord","Светло-голубой"
"Ford","Explorer","Зелёный"
"Hyundai","Santa Fe","Серебристый тёмно-фиолетовый"
"Infiniti","EX","Тёмно-сине-зелёный"
"Infiniti","EX","Серебристый тёмно-красный"
"Chevrolet","Captiva","Серебристо-серо-графитовый"
"Volvo","S70","Бежево-золотистый"
"Daewoo","Matiz","Зелёный"
"Daewoo","Matiz","Серебристо-жёлтый"
"Fiat","Qubo","Серебристо-коричневый"
"Hyundai","Sonata","Серо-зелёный"
"Volvo","V60","Серебристо-тёмно серый"
"Infiniti","EX","Тёмно-бордовый"
"Citroen","C3 Picasso","Золотисто-красный"
"Honda","Accord","Серебристо-чёрный"
"Fiat","Qubo","Светло-серый"
"Fiat","Qubo","Тёмно-синий"
"BMW","X4","Тёмно-сине-зелёный"
"Ford","Focus Active","Серебристо-серо-синий"
"Chevrolet","Epica","Серо-бежевый"
"Infiniti","EX","Тёмно-серый"
"Infiniti","EX","Серо-голубой"
"Honda","Accord","Серебристый светло-серый"
"Infiniti","EX","Тёмно-зелёный"
"BMW","M3","Ярко-жёлтый"
"Chevrolet","Lanos","Серебристый болотно-зелёный"
"Chevrolet","Aveo","Серебристо-тёмно-серо-синий"
"Ford","Galaxy","Ярко-фиолетовый"
"Daewoo","Magnus","Серебристо-серо-графитовый"
"Hyundai","Solaris","Серо-синий"
"Chevrolet","Niva","Серо-чёрный"
"Chery","Tiggo 4","Оранжево-коричневый"
"Citroen","C8","Серебристо-серо-голубоватый"
"Daewoo","Matiz","Серебристо-молочно-зелёный"
"Hyundai","ix35","Серебристый-бежевый"
"Ford","Focus Active","Серебристо-бледно-серый"
"BMW","X6 M","Тёмно-фиолетовый"
"BMW","X6","Тёмно-красный"
"Chevrolet","Camaro","Тёмно-синий"
"Daewoo","Nexia","Серебристо-вишнёвый"
"Ford","C-Max","Серебристо-зелёный"
"BMW","X4","Ярко-красный"
"Fiat","Sedici","Золотистый тёмно-зелёный"
"Fiat","Panda 4x4","Серебристый-зеленовато-серый"
"Volvo","V70","Серебристо-красный"
"Citroen","C3 Aircross","Серый"
"Geely","Emgrand GS","Светло-фиолетовый"
"Hyundai","Accent","Жёлтый"
"Ford","C-Max","Бежево-сиреневый"
"Daewoo","Matiz","Серебристый коричнево-зелёный"
"Volvo","XC40","Тёмно-фиолетовый"
"Daewoo","Nexia","Серебристый"
"Volvo","XC60","Золотисто-оливковый"
"BMW","X3","Мускари"
"Infiniti","EX","Тёмно-синий"
"Daewoo","Nubira","Серо-зелёный"
"Fiat","Panda","Серебристый-желто-зелёный"
"Hyundai","Solaris","Белая двухслойная"
"Hyundai","Santa Fe","Ярко-красный"
"Ford","Focus Active","Тёмно-зелёный"
"Geely","Atlas","Красный металлик"
"Honda","Accord","Тёмно-зелёный"
"Fiat","Panda","Тёмно-сине-зелёный"
"Chery","Tiggo 4","Зелёный"
"Chevrolet","Lanos","Оранжево-коричневый"
"Ford","Freestyle","Тёмно-бордовый"
"BMW","X4 M","Серебристо-коричневый"
"Chery","Tiggo","Серо-голубой"
"Honda","Civic","Серебристо-серо-голубоватый"
"Hyundai","Solaris","Серебристо-бледно-серый"
"Volvo","S90","Тёмно-зелёный"
"Volvo","S70","Серебристо-тёмно-синий"
"Daewoo","Matiz","Голубой"
"Chery","Tiggo 4","Светло-серый"
"Geely","Emgrand EC7","Серебристо-серо-графитовый"
"Geely","Coolray","Бежево-сиреневый"
"Citroen","C6","Зелёный"
"Ford","C-Max","Ярко-фиолетовый"
"Fiat","Panda","Белый"
"Chevrolet","Lacetti","Снежно-белый"
"Daewoo","Leganza","Серебристый тёмно-фиолетовый"
"Honda","City","Золотистый тёмно-зелёный"
"Volvo","C70 Convertible","Светло-серый"
"Volvo","V90","Тёмно-сине-зелёный"
"Volvo","V60","Ярко-красный"
"Citroen","C3 Aircross","Чёрный"
"Audi","A2","Тёмно-алый"
"BMW","X6","Серебристый"
"Citroen","C3","Тёмно-вишнёвый"
"Daewoo","Matiz","Серебристо-чёрный"
"Hyundai","Elantra","Серебристо-зелёный"
"Hyundai","Elantra","Серый серебристый"
"Citroen","C4 Picasso","Зелено-синий"
"Chery","Tiggo 4","Тёмно-синий"
"Chevrolet","Lanos","Белый металлик"
"Infiniti","EX","Серебристо-зелёный"
"BMW","X4","Серебристый тёмно-синий"
"Ford","Focus","Ярко-жёлтый"
"Chery","Tiggo 8","Серебристый тёмно-синий"
"Daewoo","Magnus","Тёмно-серый"
"Honda","Accord","Зелёный"
"Geely","Coolray","Тёмно коричневый"
"Ford","C-Max","Серебристо-серо-зеленоватый"
"Ford","Galaxy","Серебристо-серо-графитовый"
"Infiniti","EX","Светло-голубой"
"Hyundai","Accent","Зелёный"
"Geely","Emgrand X7","Серебристо-бежевый"
"Fiat","Sedici","Серебристо-серо-зелёный"
"Citroen","C4 Aircross","Чёрный"
"Infiniti","EX","Серо-зелёный"
"Chery","Amulet","Серебристо-серо-коричневый"
"Daewoo","Nexia","Серый серебристый"
"Geely","Emgrand GS","Ярко-жёлтый"
"Ford","Focus Active","Бежево-жёлтый"
"Ford","Freestyle","Коричневый"
"Audi","A4 Allroad Quattro","Бежево-сиреневый"
"Volvo","S40","Тёмно-синий"
"BMW","X5 M","Средне-стальной"
"Infiniti","EX","Ярко-красный"
"Citroen","C4 Aircross","Ярко-жёлтый"
"Chery","Bonus 3","Бежево-сиреневый"
"Infiniti","EX","Серебристо-светло оранжевый"
"Daewoo","Nexia","Серебристо-чёрный"
"Fiat","Sedici","Тёмно-вишнёвый"
"Hyundai","Santa Fe","Серо-синий"
"Ford","Fusion","Тёмно-фиолетовый"
"Ford","Galaxy","Тёмно-фиолетовый"
"Audi","A4 Allroad Quattro","Оранжевый"
"Citroen","C6","Серебристый"
"Chevrolet","Lacetti","Тёмно-зелёный"
"BMW","X3","Белая двухслойная"
"Infiniti","EX","Красно-коричневый"
"Hyundai","Creta","Серо-бежевый"
"Hyundai","Sonata","Ярко-жёлтый"
"Daewoo","Matiz","Светло-синий"
"Audi","A4","Серебристый ярко-красный"
"Citroen","C4 Picasso","Серебристо-зелёный"
"Hyundai","ix35","Оранжевый"
"Citroen","C8","Зелено-синий"
"Honda","Accord","Серо-зеленоватый"
"Chevrolet","Camaro","Красный"
"Ford","Freestyle","Серебристый"
"BMW","X5","Серебристо-ярко-фиолетовый"
"Chevrolet","Corvette","Зелёный"
"Hyundai","ix20","Тёмно-синий"
"Geely","Emgrand 7","Тёмно-коричневый"
"Fiat","Sedici","Тёмно-синий"
"Audi","A4","Серебристо-красно-оранжевый"
"BMW","X7","Серебристо-светло оранжевый"
"Chevrolet","Epica","Серебристый коричнево-зелёный"
"BMW","X1","Тёмно-коричневый"
"Geely","Atlas","Серебристо-тёмно-синий"
"Hyundai","ix35","Серебристо-красный"
"Volvo","C70 Coupe","Тёмно-синий"
"BMW","M2","Тёмно-коричневый"
"BMW","X6","Красный металлик"
"Citroen","C8","Серебристо-коричневый"
"Chery","Tiggo 5","Серебристо-ярко-зелёный"
"Daewoo","Nexia","Сливочно-белый"
"Chevrolet","Corvette","Серебристо-серо-коричневый"
"Geely","Emgrand 7","Серебристо-вишнёвый"
"Citroen","C1","Оттенок чёрного"
"Fiat","Punto","Ярко-красный"
"Hyundai","Sonata","Тёмно-зелёный"
"Citroen","C3","Чёрный, двойная эмаль"
"Ford","Fiesta","Сине-зелёный"
"Daewoo","Nubira","Красный"
"Fiat","Punto","Серебристо-серо-графитовый"
"Infiniti","EX","Светло-бежевый"
"Ford","Explorer","Ярко-жёлтый"
"Citroen","C2","Серо-зелёный"
"Ford","Focus Active","Тёмно-вишнёвый"
"Daewoo","Leganza","Светло-бежевый"
"Daewoo","Matiz","Бежевый"
"Audi","A4 Allroad Quattro","Красный металлик"
"BMW","M4","Зелёный"
"Volvo","XC90","Ярко-красный"
"Audi","A4 Allroad Quattro","Тёмно-сине-зелёный"
"Chery","Tiggo 4","Серо-белый"
"Fiat","Panda","Серебристый оранжевый"
"Daewoo","Magnus","Тёмно-коричневый"
"Hyundai","Accent","Серебристо-бежевый"
"Ford","C-Max","Тёмно-вишнёво-малиновый"
"Infiniti","EX","Серебристо-бледно-серый"
"Infiniti","EX","Чёрный"
"Volvo","S60","Тёмно-вишнёво-малиновый"
"Audi","A3","Серебристо-голубой"
"Chevrolet","Lanos","Коричневый"
"Chery","Very","Фиолетовый"
"Audi","A3","Белый"
"Volvo","XC70","Серебристо-тёмно-серо-синий"
"Citroen","C6","Золотисто-коричневый"
"Daewoo","Magnus","Серебристый ярко-красный"
"Fiat","Qubo","Светло-бежевый"
"Fiat","Panda","Серебристо-зелёный"
"Citroen","C4 Aircross","Тёмно-зелёный"
"Volvo","V50","Серебристо-жёлто-зелёный"
"Ford","Focus Active","Бежево-золотистый"
"Audi","A4","Красный металлик"
"BMW","X6","Серый серебристый"
"Citroen","C4 Aircross","Тёмно-сине-зелёный"
"Hyundai","Accent","Серебристо-красный"
"Chery","Bonus 3","Серебристый-желто-зелёный"
"Infiniti","EX","Серо-синий"
"Chevrolet","Camaro","Тёмно-серебристо-красный"
"Volvo","XC40","Тёмно-синий"
"Volvo","C70 Convertible","Тёмно-вишнёвый"
"Chevrolet","Camaro","Тёмно-коричневый"
"Daewoo","Matiz","Серебристо-жёлтый"
"Geely","Coolray","Сине-зелёный"
"Audi","A2","Сливочно-белый"
"Infiniti","EX","Ярко-жёлтый"
"Honda","Accord","Серо-чёрный"
"BMW","X3","Тёмно-голубой"
"Honda","Accord","Тёмно-зелёный"
"Volvo","S60","Ярко-синий"
"Geely","Atlas","Серебристо-коричневый"
"Infiniti","EX","Серебристо-бело-молочный"
"Geely","Atlas","Серебристо-серо-зеленоватый"
"Fiat","Punto","Серебристо-красный"
"Citroen","C5","Белый"
"Fiat","Panda","Серебристо-синий"
"Ford","C-Max","Тёмно-коричневый"
"Citroen","C3","Бежево-жёлтый"
"Citroen","C3 Picasso","Ярко-красный"
"Chevrolet","Epica","Чёрный"
"Chery","Bonus 3","Золотисто-оливковый"
"Honda","City","Серебристый"
"Ford","Focus Active","Тёмно-синий"
"Citroen","C2","Голубой"
"Fiat","Punto","Серебристо-голубоватый"
"Chery","Bonus 3","Тёмно-красный"
"Fiat","Sedici","Голубой"
"Ford","Fiesta","Светло-серый"
"Daewoo","Magnus","Серебристо-серо-зеленоватый"
"Citroen","C2","Серебристо-серо-зелёный"
"Ford","Galaxy","Тёмно-фиолетовый"
"Volvo","S60","Зелено-голубой"
"Chevrolet","Camaro","Тёмно-вишнёвый"
"Hyundai","Santa Fe","Тёмно-синий"
"Chevrolet","Cruze","Тёмно-вишнёвый"
"Chery","Tiggo","Серо-белый"
"Geely","Emgrand EC7","Серебристо-голубой"
"Geely","Emgrand GS","Тёмно-сине-зелёный"
"Hyundai","Elantra","Серебристо-тёмно-серо-синий"
"BMW","M4","Серебристый"
"Honda","Accord","Ярко-красный"
"Hyundai","Solaris","Оранжево-коричневый"
"BMW","M3","Тёмно-зелёный"
"Chevrolet","Niva","Тёмно-синий"
"Volvo","XC60","Бежевый"
"Daewoo","Magnus","Серебристо-ярко-фиолетовый"
"Geely","Emgrand GS","Снежно-белый"
"BMW","X5","Серебристо-коричневый"
"Chery","Tiggo 4","Тёмно-зелёный"
"Infiniti","EX","Тёмно-зелёный"
"Fiat","Qubo","Синий"
"Fiat","Punto","Серо-коричневый"
"Hyundai","ix35","Вишнёвый"
"Infiniti","EX","Серебристо-серо-синий"
"Geely","Coolray","Вишнёвый"
"Fiat","Qubo","Чёрный, двойная эмаль"
"Chery","Tiggo 8","Белый"
"Fiat","Qubo","Серебристо-серый"
"Geely","Emgrand EC7","Серебристо-коричневый"
"Chery","Bonus 3","Оранжевый"
"Ford","C-Max","Оранжевый"
"Citroen","C1","Голубой"
"Citroen","C8","Серебристо-голубоватый"
"Chevrolet","Aveo","Красный"
"Hyundai","Creta","Светло-серый"
"Chevrolet","Lanos","Тёмно-зелёный"
"Daewoo","Matiz","Бежевый"
"Fiat","Punto","Серебристо-жёлто-зелёный"
"Volvo","S80","Светлый серо-бежевый"
"Geely","Emgrand EC7","Ярко-жёлтый"
"Infiniti","EX","Зелёный"
"BMW","X6 M","Серо-фиолетовый"
"Audi","A1","Белый металлик"
"Chery","Tiggo 5","Тёмно-синий"
"Ford","Explorer","Серебристый"
"Chevrolet","Niva","Снежно-белый"
"Ford","Freestyle","Тёмно-синий"
"Citroen","C1","Серебристо-жёлтый"
"BMW","X4 M","Серебристо-серый"
"Fiat","Panda","Серебристо-тёмно-синий"
"Honda","Civic","Серебристо-красный"
"Audi","A3","Золотисто-красный"
"Fiat","Sedici","Оранжевый"
"Daewoo","Leganza","Ярко-красный"
"Geely","Atlas","Красный"
"Citroen","C4 Picasso","Серо-белый"
"Audi","A3","Серебристо-ярко-синий"
"Audi","A1","Красный"
"Geely","Emgrand X7","Серо-чёрный"
"Citroen","C3 Pluriel","Серебристый"
"Daewoo","Nexia","Серебристо-зелёно-голубой"
"Ford","Explorer","Светло-синий"
"Ford","Fusion","Тёмно-синий"
"Chery","Tiggo 8","Серебристо-сиреневый"
"Chery","Bonus","Серый"
"Audi","A4 Allroad Quattro","Светло-голубой"
"Infiniti","EX","Серебристо-бежевый"
"BMW","X3","Чёрный"
"Citroen","C3 Pluriel","Белая двухслойная"
"BMW","X7","Белая двухслойная"
"Fiat","Sedici","Светло-жёлтый"
"Geely","Emgrand EC7","Тёмно-синий"
"BMW","X2","Тёмно-серо-зелёный"
"Daewoo","Leganza","Бежево-золотистый"
"Fiat","Panda","Ярко-жёлтый"
"Infiniti","EX","Серо-зелёный"
"Chery","Tiggo 7","Серебристо-тёмно-зелёный"
"Fiat","Sedici","Зелёный"
"Audi","A2","Серо-белый"
"Volvo","S90","Красный"
"Audi","A2","Зелено-голубой"
"Ford","Explorer","Серебристый"
"Daewoo","Nubira","Серебристо-чёрный"
"Chery","Tiggo 3","Тёмно-сине-зелёный"
"Infiniti","EX","Зелёный"
"Chery","Tiggo 4","Серебристо-тёмно-синий"
"Honda","City","Серебристый тёмно-красный"
"Fiat","Qubo","Чёрный, двойная эмаль"
"Chevrolet","Lanos","Светло-синий"
"Geely","Emgrand GS","Тёмно-вишнёвый"
"Citroen","C3","Серебристо-бело-молочный"
"Daewoo","Matiz","Тёмно-зелёный"
"Geely","Atlas","Серебристо-бледно-серый"
"Chery","Bonus","Серо-синий"
"Audi","A5","Бежево-красный"
"BMW","X5 M","Бежево-золотистый"
"Chevrolet","Aveo","Серебристо-голубой"
"Infiniti","EX","Серебристо-зелёный"
"Ford","Explorer","Серебристо-ярко-синий"
"Infiniti","EX","Светло-жёлтый"
"Volvo","V40","Зелено-голубой"
"Infiniti","EX","Тёмно-алый"
"Volvo","S70","Серебристо-серо-зеленоватый"
"Citroen","C3 Aircross","Светло-фиолетовый"
"Chery","Very","Оранжевый"
"Chevrolet","Cruze","Бело-жёлтый"
"Daewoo","Matiz","Тёмно-серый"
"Volvo","XC70","Тёмно-филетовый"
"BMW","X2","Серебристый-бежевый"
"Volvo","XC60","Золотисто-красный"
"Citroen","C3 Picasso","Серебристо-ярко-синий"
"Geely","Emgrand EC7","Тёмно-синий"
"Daewoo","Magnus","Красный"
"Chevrolet","Epica","Серебристо-серо-бежевый"
"Geely","Emgrand GS","Серебристо-бежевый"
"BMW","X4","Серебристо-серо-синий"
"Infiniti","EX","Бежево-сиреневый"
"Citroen","C4 Cactus","Тёмно-серый"
"Hyundai","Sonata","Сине-фиолетовый"
"Volvo","XC70","Тёмно-зелёный"
"Honda","Civic","Серебристо-тёмно-синий"
"BMW","X6","Светло-серый"
"Infiniti","EX","Светло-серый"
"Hyundai","Solaris","Тёмно-зелёный"
"Ford","Galaxy","Зелёный"
"Volvo","XC90","Тёмно-красный"
"Infiniti","EX","Синий"
"Honda","City","Ярко-синий"
"Audi","A4","Ярко-синий"
"Volvo","XC90","Красный"
"Audi","A1","Голубой"
"Hyundai","Elantra","Зелено-синий"
"Honda","City","Серебристый-бежевый"
"Chevrolet","Captiva","Серебристый фиолетовый"
"Fiat","Panda 4x4","Серебристый"
"Fiat","Punto","Желто-зелёный"
"Geely","Emgrand X7","Серебристо-зелёный"
"Volvo","V40","Серо-белый"
"Volvo","C30","Оливково-зелёный"
"Citroen","C3","Оттенок чёрного"
"Fiat","Panda","Мускари"
"Infiniti","EX","Серо-зелёный"
"Honda","Civic","Серо-белый"
"Audi","A2","Чёрный"
"Citroen","C4 Aircross","Зелёный"
"Daewoo","Magnus","Зелёный"
"Geely","Atlas","Светло-голубой"
"Honda","City","Светло-серый"
"Fiat","Punto","Синий"
"Daewoo","Matiz","Серебристый оранжевый"
"Ford","Galaxy","Серебристый тёмно-красный"
"Ford","Focus Active","Сине-зелёный"
"Citroen","C2","Серо-синий"
"Ford","Fusion","Серебристый тёмно-фиолетовый"
"Chevrolet","Cruze","Серо-зелёный"
"Daewoo","Matiz","Серо-зелёный"
"Geely","Atlas","Желто-зелёный"
"Chery","Tiggo","Серебристо-тёмно-синий"
"Infiniti","EX","Тёмно-сине-зелёный"
"Geely","Coolray","Тёмно-серо-зелёный"
"Ford","Fusion","Серебристый сине-фиолетовый"
"Chery","Tiggo","Светло-фиолетовый"
"Infiniti","EX","Бело-жёлтый"
"Chery","Tiggo 7","Серебристый болотно-зелёный"
"Volvo","C70 Convertible","Серо-голубой"
"Fiat","Sedici","Тёмно-зелёный"
"Infiniti","EX","Серебристо-красно-оранжевый"
"Citroen","C8","Средне-стальной"
"Infiniti","EX","Оранжево-коричневый"
"BMW","M3","Голубой"
"BMW","X6 M","Синий"
"Ford","C-Max","Тёмно-бежевый"
"Audi","A4","Золотистый тёмно-зелёный"
"Hyundai","Elantra","Тёмно-сине-зелёный"
"Geely","Emgrand EC7","Серебристо-красно-оранжевый"
"Ford","Fusion","Серебристо-фиолетовый"
"Infiniti","EX","Зелёный"
"Infiniti","EX","Тёмно-зелёный"
"Chevrolet","Camaro","Светло-жёлтый"
"Ford","Focus Active","Белая двухслойная"
"Honda","City","Ярко-жёлтый"
"Infiniti","EX","Ярко-красный"
"Audi","A4 Allroad Quattro","Тёмно-зелёный"
"Hyundai","Sonata","Светло-серый"
"Infiniti","EX","Сине-зелёный"
"BMW","X5 M","Тёмно-фиолетовый"
"Ford","Explorer","Серый серебристый"
"Honda","Accord","Серебристо-ярко-синий"
"Geely","Emgrand 7","Тёмно-бордовый"
"Chery","Tiggo 4","Синий"
"Citroen","C6","Зелено-голубой"
"Citroen","C4 Picasso","Сине-зелёный"
"Citroen","C5","Ярко-синий"
"Geely","Atlas","Желто-зелёный"
"BMW","M3","Серебристо-коричневый"
"Infiniti","EX","Ярко-фиолетовый"
"Honda","Civic","Серый серебристый"
"Honda","Accord","Светло-синий"
"Chevrolet","Niva","Желто-золотой"
"Fiat","Panda 4x4","Серо-зеленоватый"
"Citroen","C4 Aircross","Тёмно-синий"
"BMW","X5","Серебристый фиолетовый"
"Citroen","C3 Aircross","Голубой"
"Daewoo","Nubira","Серо-голубой"
"Geely","Emgrand X7","Серебристо-жёлто-зелёный"
"Citroen","C4","Серебристо-зелёный"
"Fiat","Panda 4x4","Бело-жёлтый"
"Chevrolet","Cruze","Зелёный"
"Geely","Emgrand 7","Зелено-синий"
"Fiat","Panda 4x4","Серебристо-тёмно серый"
"Geely","Emgrand GS","Тёмно коричневый"
"Volvo","C70","Серо-коричневый"
"Fiat","Punto","Серый"
"Infiniti","EX","Светло-серый"
"Hyundai","Creta","Белый металлик"
"Citroen","C8","Серебристо-коричневый"
"Infiniti","EX","Серебристо-ярко-зелёный"
"Hyundai","Elantra","Зелено-синий"
"Fiat","Sedici","Ярко-красный"
"Citroen","C2","Тёмно-синий"
"Audi","A1","Серо-голубой"
"Infiniti","EX","Чёрный"
"Hyundai","Elantra","Красный металлик"
"Honda","Accord","Зелёно-голубой"
"BMW","X4 M","Тёмно-синий"
"Citroen","C3 Pluriel","Тёмно-зелёный"
"Infiniti","EX","Золотистый тёмно-зелёный"
"Volvo","S40","Бежевый"
"Geely","Emgrand EC7","Ярко-синий"
"Daewoo","Leganza","Бежевый"
"Honda","Accord","Серебристо-чёрный"
"Volvo","V40","Тёмно-фиолетовый"
"Citroen","C4 Aircross","Голубой"
"Geely","Atlas","Серо-синий"
"Volvo","V70","Серо-голубой"
"Audi","A5","Серебристо-красно-оранжевый"
"Volvo","XC60","Серебристо-вишнёвый"
"BMW","X5 M","Светло-серый"
"Hyundai","Elantra","Ярко-красный"
"Geely","Coolray","Оттенок тёмно-синего"
"Chery","Tiggo 4","Тёмно-серебристо-красный"
"Hyundai","Accent","Серебристый"
"Audi","A5","Золотистый тёмно-зелёный"
"Daewoo","Nexia","Серо-чёрный"
"Daewoo","Nexia","Красно-коричневый"
"Volvo","S60","Серебристо-ярко-зелёный"
"Citroen","C4 Cactus","Серебристо-тёмно-серо-синий"
"Daewoo","Nexia","Голубой"
"Citroen","C2","Тёмно-зелёный"
"Geely","Emgrand X7","Серебристо-красно-оранжевый"
"Infiniti","EX","Серебристо-серый"
"Ford","Freestyle","Тёмно-синий"
"Ford","Freestyle","Серебристый"
"Chevrolet","Captiva","Зелено-синий"
"Ford","Freestyle","Серебристо-зелёный"
"Chery","Tiggo 4","Серебристо-зелёный"
"Hyundai","Solaris","Серо-бежевый"
"Geely","Atlas","Чёрный"
"Audi","A1","Голубой"
"Chevrolet","Lanos","Серебристо-жёлтый"
"Audi","A5","Тёмно-сине-зелёный"
"Daewoo","Nexia","Серо-зелёный"
"Volvo","XC60","Серо-зелёный"
"BMW","M2","Тёмно-красный"
"Fiat","Panda","Тёмно-фиолетовый"
"BMW","X3 M","Серебристо-голубой"
"Fiat","Sedici","Серебристый"
"Hyundai","Sonata","Цвет морской волны"
"Fiat","Panda","Тёмно-зелёный"
"Volvo","XC90","Синий"
"Infiniti","EX","Фиолетово-синий"
"Volvo","S70","Красно-коричневый"
"Hyundai","Sonata","Оранжево-коричневый"
"Hyundai","Solaris","Зелено-синий"
"Citroen","C3 Picasso","Серебристо-бежевый"
"Honda","City","Серебристо-зелёный"
"Volvo","C30","Серебристый"
"Citroen","C6","Красный металлик"
"Honda","City","Серо-зеленоватый"
"Geely","Coolray","Серебристо-тёмно серый"
"Fiat","Panda","Тёмно-синий"
"Infiniti","EX","Ярко-зелёный"
"Volvo","V70","Серебристо-коричневый"
